{
	"items": [
		{"name": "Textadept", 
		"priority": 0,
		"items": [
		    {
			    "name": "Textadept GTK w. external keyboard",
			    "priority": 1,
			    "action": "./run.sh GTK",
			    "status": false
		    },
			{
			    "name": "Textadept CURSES w. external keyboard",
			    "priority": 2,
			    "action": "./run.sh NOKEYS",
			    "status": false
		    },
		    {
			    "name": "Textadept in terminal",
			    "priority": 3,
			    "action": "./run.sh KTERM",
			    "status": false
		    },
			{
			"name": "Utils",
			"priority": 4,
			"items": [
				{
					"name": "enable Bluetooth",
					"priority": 1,
					"action": "lipc-set-prop -s com.lab126.btfd BTenable 1:1"
				},
				{
					"name": "disable Bluetooth",
					"priority": 2,
					"action": "lipc-set-prop -s com.lab126.btfd BTenable 0:1"
				}
			]}
		]}
	]
}
